Title,Writer,Genre,View Count,Rating,Episode Count,Comment Count,Story,Hashtags,Age Rating
하승남 강호출도 컬렉션,하승남,무협,15.7만,9.8,전체186,전체 20,"<하승남 강호출도 컬렉션> 작품구성

1. 쩐투 [개정판]
2. 십검풍 [개정판]
3. 신검혈도 [개정판]",해시태그 없음,15세이용가
네가 죽은 세계의 나,JA,드라마,135.9만,10.0,전체57,"전체 1,131","불행한 사건을 겪은 뒤,
우연히 과거로 돌아가는 주문을 발견한 해원.
 
해원은 주문을 통해 그날의 사건을 막고 
과거를 바꾸는 데 성공한다.
 
그러나,
그 일의 대가는 끔찍한 형태로 되돌아온다.
 
해원은 사건에 숨겨져 있던 놀라운 진실과 마주하게 되고,
시간을 되돌리는 것의 진짜 의미가 무엇인지를 깨닫게 되는데…
 
시간을 거슬러 과거를 바꾼 후 
일어나는 이야기에 초점을 맞춘 
색다른 타임 슬립 스릴러","#스릴러, #회귀/타임슬립, #서바이벌, #가족, #학생, #스릴 넘치는",15세이용가
사람이라호,임희,로맨스,34.3만,9.9,전체54,전체 323,"백 년 전 도화원이 기억의 시작이었던 도원은
신선 월덕에 의해 지상으로 내려가
사건을 수습하라는 책무를 떠안게 되고,
속세에 내려온 첫날 감정을 볼 수 있는
신묘한 힘을 가진 젊은 술사 한결을 만나게 된다.

마치 운명처럼 물리적으로 서로에게 묶이게 된 도원결이.
열두 걸음 이상 떨어질 수 없게 되자 동거를 시작한다.

지상에 퍼진 복숭아씨가 만들어낸 사건들을 해결하기 위해
고군분투하는 도원과 결이.

우연이 겹치면 필연.
이제야 비로써 멈춰 있던 그들의 시간이
다시금 흐르기 시작한다.","#동양풍, #동거물, #성장물, #운명, #츤데레남, #다정남, #외유내강, #직진녀, #계약관계, #기억상실, #로맨틱코미디",전체이용가
난편하다,지가,드라마,17.2만,9.6,전체42,전체 352,"예민하고 삶에 이물감을 잘 느끼는 서하.
세상을 마냥 즐겁게만 지낼 수 없다.

그래서 일상의 크고 작은 문제들과 직면하면서
상처도 많이 받고 스스로에 대한 문제도 인지하며,
사람은 완벽할 수 없다는 전제하에
조금 더 나은 사람이 되고자 노력한다.

출근길도 여느 때와 같이
서하를 지치게 하는 요소들은 너무나도 많다.
일상도 회사도 조금씩 힘에 부친다.

그리고 늦은 새벽, 친구 혜지의 
오랜 연애의 이별 소식에 급히 혜지 집을 찾는다.
그리고 돌아오는 길, 두고 간 핸드폰에 
늦은 시간 연락이 끊긴 것에 화가 난 
남자친구 영훈과 다툼이 생기는데...

예민한 윤서하, 소심한 안혜지, 쿨한 주은아.

조금 덜 불편하고 덜 피로하게,
즐거울 수 있게 나름의 방법을 찾고
그것들로 애쓰는 그들의 이야기.",해시태그 없음,전체이용가
오적도,조원표,드라마,51.1만,9.3,전체66,전체 664,"한국대학교 해양학과 학생들은
학교 행사를 위해 '오적도'로 향한다.

하지만, '오적도'의 바다는 이미 썩을 대로 썩어
죽은 물고기가 해변을 가득 덮고,
마을 사람들은 이상한 피부병이 온몸에 가득하다. 

이미 배는 떠났고 2박 3일을 '오적도' 머물러야 하는 학생들.
꺼림칙하지만 학교 행사를 즐기려 한다.

그리고 그날 밤, 무언가에 감염된 학생 한 명의 입에서
거대한 촉수가 나오고 학생들을 공격하기 시작한다.
살기 위해 바다로 도망치는 학생들.

그리고 그곳에는 섬 밖으로 아무도 나가지 못하게 하는
정체불명의 괴물이 기다리고 있다.

결국, 살아남은 학생들과 섬마을 사람들, 군인들은
힘을 합쳐 괴물을 피해 섬을 탈출할 계획을 세운다.
하지만, 시간이 지날수록 살아남은 섬마을 사람들이 숨기고 있던
섬마을의 정체가 밝혀지게 되는데...","#스릴러, #서바이벌, #초월적존재, #친구, #가족, #학생, #무서운",15세이용가
닿을랑말랑,"김담비,딩동",로맨스,92.9만,9.8,전체50,전체 829,"타인의 손을 잡으면 그 사람의 미래를 볼 수 있는 지우. 

우연히 같은 반 해성의 손을 잡았는데, 처음으로 내 미래가 보였다?! 

하필 대학 미술 실기 대회를 앞두고 있던 지우는 자꾸 해성의 손을 잡으려고 하고, 해성은 결벽증이라도 있는 것마냥 절대 손을 잡혀 주지 않는다. 손에 무슨 트라우마라도 있는거야?! 

능력 때문에 오히려 누군가를 좋아하는 게 무서워졌지만, 미래를 바꾸기 위해 달려드는 지우와, 부상 때문에 아이스하키를 그만뒀지만, 여전히 그 시절이 그리워 좋아하는 일을 향해 질주하려는 해성. 

미래를 보는 소녀와 과거에 사는 소년은 서로를 통해 현재를 마주한다. 

미래를 바꾸기 위해 고군분투하는 청춘 로맨틱 코미디","#현대로맨스, #성장물, #첫사랑, #엉뚱발랄녀, #무심남, #친구>연인",전체이용가
SSS급 그림쟁이 소환사,"용용이,CREAM호빵",판타지,60.5만,7.9,전체35,전체 799,"어느 날 갑작스럽게 발생한 지진으로 이세계로 떨어진 “신진호” 와 회사 동료들…
알고 보니 이세계는 친형이 그린 웹툰과 모든 내용이 똑같은 세계였다.
 
오랜 무명작가로 잇단 차기작 실패로 좌절하고 자신의 작품을 비관하며 어디론가 사라져버린 형…
형의 웹툰 속 세계관과 스토리를 잘 알고 있는 진호만이 이세계를 제대로 공략할 수 있다.

이에 진호는 회사 동료들과 함께 이세계를 탈출하여 원래 세계로 돌아가는 것과 사라진 형의 행방
이 두 마리 토끼를 한꺼번에 해결하고자 여행을 떠난다.","#차원이동, #귀환, #생존, #이능력",전체이용가
고진감래,핑푸,BL,24.2만,9.8,전체43,전체 308,"말 못할 사연으로 사당패에 몸을 담게 된 고진은 우연히 들른 마을에서 신비한 도사 감래와 마주치게 된다.
그리고 때맞춰 벌어지는 마을의 이상한 사건들...
엮이면 엮일 수록, 고진은 그에게 미묘한 감정에 휩싸인다.
레진코믹스 대표 동양 판타지",해시태그 없음,15세이용가
피셔맨,NEMO,액션,43.2만,9.4,전체74,전체 552,"피셔맨이 되어 인류를 구하고자 하는 소년 이리의 이야기!
 
지상을 탐한 고래로 인해 폐허가 되어버린 대륙 '판타지아'.
그리고 고래에게 무너져, 멸종 직전에 놓인 인류 앞에 나타난 '피셔맨'!
 
미스테리한 힘을 지닌 그들은 고래에 맞서 인류를 지키고,
피셔맨의 수장 '그리나드'는 인류를 수호한 영웅으로 추앙받는다.
 
여느 평범한 인간들처럼 그리나드를 동경하며 살아가던 소년 '이리'. 
그런 그에게 알 수 없는 힘이 발현되기 시작하고, 
이를 통해 이리는 꿈에 그리던 피셔맨의 일원이 된다. 

하지만 기쁨도 잠시... 
영웅의 꿈에 다가갈수록 이리는 인간과 고래의 전쟁 뒤에 감춰진 
피셔맨의 어두운 진실과 마주하게 되는데...!","#지존, #전쟁, #영웅/신화, #정통, #격투",전체이용가
다빈치치 풋볼,다빈치치,드라마,21.4만,9.9,전체35,전체 446,"[평범한 축구 웹툰은 가라! 가장 코믹하고 창의적인 축구 웹툰!]

축구 역사상 처음으로 겨울에 열리는 2022 카타르 월드컵!

온갖 패러디와 코믹 요소로 무장한 다빈치치 풋볼이 올 겨울 월드컵의 감동을 생생하게 전달합니다.

월드컵 조편성부터 매주 월드컵의 생생한 감동을 전하는 국내 유일 축구 소재 코믹 웹툰",해시태그 없음,전체이용가
성녀는 악역으로 회귀한다,소나,로판,416.3만,9.0,전체53,"전체 2,586","제국의 재앙을 막고, 가족의 사랑을 얻기 위해 10년을 성녀로 살아온 베아트리체.
어느 날 검은 머리를 가진 리나 컴벨이라는 소녀에게 성녀의 자리를 빼앗기고….

“너도 네 가족도 너의 신도들도 다 죽일 거야.”
흑마법사로 몰려 처형당한다.

그렇게 다시 시작된 베아트리체의 두 번째 삶. 
“이번 삶은 악녀가 되어서라도… 리나 너에게 복수하겠어!!”

악녀가 되기로 마음먹은 진정한 성녀, 리체의 새로운 삶이 다시 그려진다.","#로맨스판타지, #궁정로맨스, #회귀물, #복수물, #직진남, #계략녀",전체이용가
환상의 애니,이현중,드라마,15.5만,9.9,전체82,전체 663,"창조! 마치 군대처럼 경례를 하며 들어간 
고등학교 미술부 선배들의 잦은 폭력과 
입시미술에 대한 회의감으로 방황하던 주인공 태중은
우연히 본 미야자키 하야오의 작품에 매료되고
같은 반 애니 오타쿠 친구 성하와 친해진다. 

태중은 성하가 소개해 준 인터넷 동아리 사람들과
밤새 채팅을 하고 서울에서 열리는 코믹월드에 참가하는 등,
본격적으로 애니메이션의 세계에 빠져든다.

코스프레를 하던 연지(백팔십)를 통해 
애니메이션 대학이 있다는 사실을 알게 되는 태중.
결손가정에 형편이 어려웠던 태중은 
홍대의 입시학원에 다니며 빠르게 성장해가는 
성하와 연지를 보며 점점 초조해지지만
홀로 묵묵히 그림을 그리며 외로이 꿈을 키워간다.

불행하게 여겼던 자신의 세계를 벗어나
‘한국의 미야자키 하야오’가 되고 싶었던 
열망 가득한 소년 태중은 한국 애니메이션 업계의
냉혹한 현실 속에서 자신의 꿈을 이룰 수 있을까.","#캠퍼스물, #입시, #성장물, #친구, #사제지간, #학생, #PD/감독, #이야기중심",전체이용가
현질 없이 최강으로,Climb Studio,판타지,30.7만,8.9,전체94,전체 171,"일명 '노현질 보스' 서이준은 게임을 하다가 이세계로 넘어오게 된다. 또 처음부터 레벨을 올리라고? 하지만 이준은 기발한 아이디어를 생각해 내는데... 레벨을 올리지 않고, 장사꾼이 되어보겠다니?
과연 그는 이세계에서 살아남을 수 있을까?",#게임,15세이용가
타임 트래블러,"운설,윤소리",로맨스,194.5만,9.8,전체80,"전체 2,243","시공을 넘나드는 시간 여행자, 허당녀 윤민호와
성질 빼고는 모든 것이 완벽한 앤티크 딜러, 까칠남 박이완의
파란만장 개막장 시간 여행","#시대/역사로맨스, #현대로맨스, #까칠남, #차도남, #엉뚱발랄녀, #평범녀, #로맨틱코미디",전체이용가
막장 피폐 소설을 고쳐 써보겠습니다,"053,방통식,셴,천둥,유하연,최이설",로판,527.8만,9.9,전체70,"전체 2,997","[그 전에 이 사이코패스부터 치워버리고요]

그래, 빙의했다.

그런데 내가 전생에 누구였는지
도무지 기억이 나지 않는다. 

기억나는 것이라고는,
눈 앞을 가득 채우던 이 녀석의 얼굴뿐.

마법사의 실험체로서 처음으로 눈 뜬 그 날
우린 함께 태어났다.

이상하게도 내 전생에 대해
나보다도 더 잘 알고 있는 것 같은 이녀석.

이 막장의 끝을 달리는 피폐한 소설 속에서
유일하게 믿고 의지할 수 있는 존재여야하건만…

살기 위해서는,
이놈에게서 도망쳐야 한다.

장차 여자주인공의 가족을 모두 살해하고
세계관 최종 흑막에 등극하는 사이코패스니까. 

시간이 흐른 뒤…

마침내 녀석의 손아귀에 벗어나
평화로운 일상을 맞이하나 싶었는데─

""너는 잔인하게 날 버리고 떠났지.""

기어코 나를 찾아내고 말았다, 이 녀석은. 

""날 가지고 노는 동안 즐거웠나?""

그것도 과거와 비교도 안될 만큼
단단히 미쳐버린 채로.","#로맨스판타지, #빙의물, #피폐물, #까칠남, #능력남, #집착남, #무심남, #오만남, #외유내강, #도도녀, #무심녀, #냉정녀, #친구>연인, #소꿉친구",전체이용가
친애하는 폭군에게,"이재원,Q00,양말,건두부",로판,250.3만,9.9,전체60,"전체 1,821","나는 숨겨진 반란분자다.

그에 가담하여 사형당하기 직전인 푸른 기사를 노예로 삼았다.
약속한 대로 그에게 귀족 신분과 공작위를 돌려주려고 했는데,

“경이라고 부르지 말아주십시오. 저는 기사가 아닙니다.”
“존칭쓰실 필요도 없으십니다. 저는 귀공자도 아닙니다.”
“…”
“저는 그저 황녀 전하의 노예일 뿐입니다.”

그는 망가졌고, 그런 그를 데리고 나는 반란에 다시 성공해야만 한다.","#로맨스판타지, #복수물, #운명, #상처남, #소유욕/독점욕, #왕족/귀족, #집착남, #조신남, #능력녀, #계략녀, #냉정녀, #갑을관계, #신분차이, #드라마, #권선징악",15세이용가
술사귀환,"달아(스토리플러스),정범구,be인기작가",무협,85.9만,9.8,전체50,"전체 2,332","최연소의 나이에 대술법가 경지에 오른 제갈현. 요마 전쟁으로 '그릇'이 부서져 힘을 잃고 몰락하게 된다. 실의에 빠진 순간, 판게아 대륙으로 불시착한 백리준과 감각을 공유 할 수 있다는 것을 알게 되고...

""내가 어디에 있냐고? 내가 묻고 싶은 말인데?“

비운의 천재 제갈현과 무림십대고수 백리준, 판게아에서 얻은 '마나'의 힘으로 다시 한 번 요마왕의 침공에 맞설 준비를 시작한다.","#퓨전, #귀환, #먼치킨, #무림, #복수, #빙의, #성장, #전쟁, #조력자, #초능력, #명문세가, #소림, #술법, #지존",15세이용가
사이코메트러 - 기억의 파편,"와이낫미프로덕션,Ando Yuma · Asaki Masashi",드라마,136.5만,9.7,전체51,"전체 1,232","사람이나 물건에 깃든 기억이 보이는 초감각 능력 「사이코메트리」의 힘을 가진 강민우.
능력에 인생을 농락당하고 있던 강민우였지만 형사 이아란을 만나면서 인생이 변하게 된다.
사건 현장에 방치된 유류품에 남은 기억을 무기로 일상에 숨어 있는 흉악범죄에 맞선다!!

（C）WHY NOT ME/ RED SEVEN/Ando Yuma/Asaki Masashi/piccomics","#스릴러, #추리물, #현대물, #초능력, #경찰, #학생, #형사, #고퀄리티, #남주중심, #스릴 넘치는, #이야기중심",15세이용가
흑막의 어린 후원자,"북큐브네트웍스 웹툰스튜디오,리아란",로판,316.7만,9.8,전체102,"전체 2,447","장기 말로 살다 비참하게 죽을 악녀, 다프네로 환생했다.
원작처럼 죽지 않고 자유롭게, 행복하게 살기 위해 노력했는데!

'그간 수고 많았다.'

돌아온 것은 믿었던 사람들의 배신.

그 이후, 13살 무렵으로 돌아온 다프네는 다짐했다.
자신이 겪은 고통을 똑같이 겪게 해주겠다고.


""후원해 드릴게요.""
""황족들을 전부 죽이고 그 위에 서시길.""

그녀는 그렇게 사상 최악의 흑막을 후원하기로 했다.

.
.
.

그런데 이게 내가 알고 있던 버트런드가 맞는걸까?

왜 이렇게 나를 좋아해?!","#로맨스판타지, #복수물, #빙의물, #회귀물, #여주판타지, #까칠남, #상처남, #왕족/귀족, #존댓말남, #능력녀, #엉뚱발랄녀, #계략녀, #상처녀, #계약관계, #권선징악",전체이용가
아이싱,스튜디오 웨이브,드라마,2.6만,9.9,전체60,전체 75,"'건물주가 되려면 대학에 가야 한다고요?!'

막장 인생 살던 18살 혁수 인생에 전환점이 찾아온다!
대학을 가기 위해 일진 싸움 방송도 접고 다짜고짜 '싸움꾼'으로서 하키를 하라는데,
하나부터 열까지 쉽게 풀리는 일이 하나도 없다!",해시태그 없음,15세이용가
종말 후 라이브,불암산,드라마,10.2만,9.3,전체59,전체 417,"좀비 바이러스가 세상 휩쓸고간지 5년 뒤
인간들은 종말 후 세상에 빠르게 적응했고
좀비들은 위험구역이란 곳에 갇혀
인간들의 사냥감이 될 뿐이었다.

좀비를 사냥하는 모습을 방송하는
헌터스TV는 최고의 인기를 누리게 되고
누구도 상상 못한 어마어마한 신인 스트리머가 데뷔한다.",해시태그 없음,전체이용가
배신 주의 로맨스,"남방과일차,오제이",로맨스,70.6만,9.8,전체51,전체 775,"초등학교 때부터 친하게 지낸 친구인
배신주, 장마로, 유하나, 조지훈
고등학교 2학년 어느 날 마로가 신주에게 고백을 하게 된다.
신주는 친구들과의 관계를 위해 고백을 거절하지만...
바로 그날 지훈과 하나가 사귀기 시작하는데..!
이건 배신이잖아..! 배신! 주의 로맨스","#학원물, #오해물, #짝사랑, #짝사랑남, #다정남, #순진녀, #친구>연인, #소꿉친구, #드라마",전체이용가
퇴마전문학교 사월,배걱,판타지,47.2만,10.0,전체72,전체 614,"모든 것은 그 검은 연기로부터 시작되었다.

어릴 때의 기억을 잃었지만
이를 숨기고 평범한 척 살아왔던 정지안.
그리고 그 앞에 갑작스레 나타난 퇴마사 이선우.
그에 의해 자신도 몰랐던 능력이 발현된다.

왜인지 지안에 대해 이미 알고 있던 선우는
퇴마전문학교 ‘사월’에 들어오면 
기억을 찾을 수 있다는 의미심장한 말을 내뱉는다.

지금까지 불안정한 삶을 살아왔던 지안은
스스로에 대한 확신을 갖기 위해 퇴마사의 길을 걷는다.
그리고 그 안에서 마주치는 과거의 비밀과 배후.

정지안은 검은 연기 사이를 뚫고 빛을 찾을 수 있을까.","#퓨전, #학원, #성장, #이능력, #포식/흡수",전체이용가
봄을 그린 화원,수박,드라마,12.8만,9.8,전체58,전체 210,"조선시대를 배경으로 하는 픽션입니다.
왕위 3순위 이름만 왕세자인 정산대군이
<녹색화첩>을 손에 쥔 채 주검으로 발견되자
장안에는 “<녹색화첩>의 저주를 받아 정산대군이 죽었다.”
라는 소문이 퍼집니다.

이를 노여워한 대왕대비가
이름난 미술 수집가인 김조묵을 불러들입니다.
그리고 사라진 <녹색화첩>을 찾아
정산대군 죽음의 미스터리를 밝히라고 명령합니다.

김조묵은 어머니의 고희연(古稀宴)을 위해
화첩을 만든다는 명목으로
<녹색화첩>과 관련된 것으로 의심되는 화원 5명을
한자리에 모으게 되면서 이야기는 시작됩니다.

<녹색화첩>은 정말 저주받은 책인지,
그렇다면 그 화첩엔 어떤 그림이 그려져 있는 것이기에
사람을 죽게 하는 것인지,
그 미스터리를 밝혀 가는 이야기입니다.","#동양풍, #시대물, #음모, #왕족/귀족, #이야기중심",전체이용가
하드오피스,타큐,드라마,21.1만,10.0,전체116,전체 619,"늦은 취업으로 어렵게 회사에 입사한 김가영.

회사 내 왕따를 당하던 강마리아를 도와주다
오히려 사내 왕따가 되며 팀 내에서 철저하게 고립이 된다.

불합리한 업무적 대립과 심리적 압박감을 이기지 못한
가영의 자아는 바닥까지 추락하고,

결국 사내 왕따 주동자인 채나연에게 살인충동을 느끼게 되며
채나연의 집을 찾아가게 되지만
채나연이 살해당하는 장면을 목격하고 기억을 잃게 되는데….
 
다음날 채나연은 살해된 채 발견된다.

가영은 본능적으로 채나연을 죽인 사람이
우리 팀 사람이라는 것을 확신한다.

자신이 목격 한 것을 알고 있는 범인을 먼저 찾기 위해
같은 팀 사람 모두를 의심하며
죽은 채나연과의 관계를 조사하게 되는데.","#스릴러, #연쇄살인, #복수, #회사원, #스릴 넘치는",15세이용가
도토리 문화센터,난다,드라마,78.5만,9.9,전체99,"전체 2,018","'취미 같은 건 질색인 대기업 부장님이
무한 취미 지옥, 문화센터에 갇히다!'

도토리 문화센터.
배움과 친구가 있는, 중년들의 핫플레이스.
월요일엔 사군자 치는 묵향으로 가득 차고
토요일엔 할머니들의 펑키타운이 울려 퍼지는 평화로운 곳.

그런 도토리 문화센터를 파괴하러 온
유니버스 그룹 고두리 부장과,
어쩌다 보니 문화센터를 지키게 된
살짝 이상한 할머니들의 유쾌한 성장담.","#힐링물, #성장물, #사제지간, #회사원, #귀여운",전체이용가
4명 중 1명은 죽는다,고민중,드라마,25.5만,9.9,전체74,전체 442,"‘급성 증발 증후군’
인체의 수분이 증기처럼 뿜어지는 발작으로 사망에 이르는 병이다.

세 사람을 한 그룹으로 발병하며,
그대로라면 3명 다 100% 사망한다.
하지만 그들이 또 다른 누군가를 감염 시킨다면?
감염자를 포함한 네 사람 중 1명만 죽는 게 가능해진다.

사망자를 줄이기 위해 감염자를 필요로 하는 이 병이 
전 지역에 발생하여, 각 나라들은 대응을 고심한다.

친구 사이, 회사 동료 사이, 범죄자들 사이 등
다양한 사람들 사이에 발병한 이 병은,
마치 ‘러시안 룰렛’처럼 1명은 반드시 죽기 때문에 
각자가 생존을 위한 욕망을 부딪히게 된다.

그런데...
어디선가 찾아온 현장조사원 S라는 사람이
발병자 주변을 맴돌며 취재하고 다닌다.
이 사람... 뭔가 이상하다... 평범한 사람은 아닌 것 같은데...","#스릴러, #초월적존재, #기묘한",15세이용가
날 울리지 마!,살구,로맨스,53.1만,9.9,전체40,전체 684,"열일곱 평생을 함께 커온 부ㄹr친구가 
내 좋알람을 울렸다!

그리고 우리 학교 최고의 아웃풋 아이돌 연습생 녀석도
내 좋알람을 울렸다?

무슨… 이런 순정만화 클리셰 같은 상황이 나에게?

핑크빛 제로! 
평온했던 재길의 일상이 좋알람이 울리는 순간 핑크빛으로 물들기 시작했다.

"" 날 울리지 마!""


※ 본 작품은 <좋아하면 울리는> 유니버스 참여작입니다.
※ 원작 <좋아하면 울리는> 작품의 세계관을 바탕으로 창작한 작품입니다.","#현대로맨스, #성장물, #학원물, #다정남, #차도남, #츤데레남, #능력남, #짝사랑남, #직진남, #엉뚱발랄녀, #다정녀, #털털녀, #삼각관계, #오래된연인, #드라마",전체이용가
목련꽃을 입는 남자,"밤빵,추미자",로맨스,82.9만,9.9,전체48,전체 862,"옛 연인이 선물해 준 섬유 유연제가 단종되었다는 소식을 듣고 
술김에 회사 고객센터에 항의글을 남긴 은호. 

그 글을 읽은 수인은 황당해하면서도 남아있는 섬유 유연제 샘플을 모두 전달해 준다. 그렇게 끝인 줄 알았던 두 사람은 어쩌다 보니 가까워졌고, 사랑에 빠지게 되었다. 

그러나 수인에게 그의 옛 연인은 너무나도 강력한 존재였다. 

그가 슬퍼할 때 그를 꼭 끌어안아 주는 것 말고는 해 줄 수 있는 일이 없었다. 
그러니 이제는 밝혀야 한다. 

내가 당신의 추억을 없앤 장본인이라는 사실을.","#현대로맨스, #첫사랑, #오피스물, #순정남, #능력녀, #로맨틱코미디",전체이용가
내게 볕이 닿지 않아도,"라코,기만",로맨스,55만,10.0,전체74,전체 782,"미로와 유로는 세 살 터울 자매이다.
유로는 굵직굵직한 드라마 주인공의 아역으로
아이답지 않은 연기를 펼쳐 놀라움을 주는 배우였다.

그에 비해 미로는 유로와 생김새도 성격도 다른
조금 길쭉한 평범한 여자아이였다.
미로는 잘난 언니인 유로가 좋지만
태어났을 때부터 비교당했기에 가끔 미운 마음이 든다. 

초등학교 고학년 때 부모님의 이혼으로 떨어지게 되었을 때는
서운함과 함께 안도감이 들었다.
둘은 그렇게 자연스럽게 멀어졌지만
유로는 아무리 바쁠 때라도 미로에게 연락하는 걸 잊지 않는다.

이혼 후 2년 정도 지나고 미로의 어머니는
아이가 있는 남자와 재혼하게 되었다. 
미로는 상견례 자리에서 그 남자아이(윤 우)를 보고
정말 크다고 생각한다.

윤 우는 유로와 동갑이었는데 중학생으로서는 큰 덩치에
악수하자며 내밀어온 손도 키도 몹시 컸다.
언제부터 좋아했느냐고 물으면 아마도 처음부터라고 해야겠다. 
처음부터 그 느낌에 압도되었을지도 모른다.","#현대로맨스, #가족물, #성장물, #짝사랑, #오빠, #후회남, #평범녀, #순정녀, #금단의관계, #잔잔물",15세이용가
제목 없음,작가 없음,장르 없음,조회수 없음,별점 없음,회차수 없음,댓글수 없음,줄거리 없음,해시태그 없음,연령 등급 없음
26번째 살인,"수오,아비디 이노우에",드라마,24.3만,9.9,전체112,전체 389,"여기 자신의 “죄”의 기억을 잊은 “사람”이 있다.

죄와 벌. 그는 이제 어떻게 살아가야 하는가?
자신의 죄를 기억하면 사형집행장으로 가야 한다.
자신의 죄를 기억하지 못하면 평생을 죄책감에 시달려야 한다.

그는 이 지옥에서 벗어날 수 없다.
이것이 신이 그에게 내릴 형벌이다!

사형 집행 D-1
수많은 사람들을 무참히 살해한 전대미문의 연쇄 살인마
‘살아있는 악마’ 장필두.

대한민국에서 오래토록 집행 되지 않은 사형을 부활시킨 장본인.
그런데, 식당에서 미끄러져 뇌진탕으로 혼수상태에 빠지고 만다.

아무것도 기억하지 못하는 사형수…내일이 사형 집행일인데…!
사형이 두려워 연기를 하는 것이 아닐까?
죄수가 자신은 물론, 자신이 저지른 죄까지 모른다면?

그의 사형을 위해 기억을 되살려야 하는 상황이 벌어지고...
장필두. 그는 정말 기억을 잃은 것일까?
아니면 사형 회피를 위한 고도의 거짓말을 하고 있는 것일까?","#스릴러, #범죄, #연쇄살인, #스릴 넘치는",15세이용가
"그 남자는 제 친오빠인데요, 공작님","CC,조이,여로은",로판,"1,034.8만",9.9,전체80,"전체 6,581","[매주 목요일 연재]

판타지소설 속 남주의 여동생 '아스텔'에 빙의했다! 
가문이 멸문 당하고 결국 자신과 오빠조차도 비참한 죽음을 당하고야 마는데…!

하지만 난 소설 내용을 알고 있다!
그렇다면 내 손으로 새로운 운명을 직접 그려나갈 수 있지 않을까!

비록 결말까지 진짜 흑막의 정체는 밝혀지지 않았지만 
흑막의 첩자들이 흘러 들어갔다던 아나이스 공작성! 
그곳에 단서가 있을 거야! 

무슨 일이 있어도 그곳으로 침입해
오빠와 나의 결말을 바꾸는 거야! 

1단계, 아나이스 공작의 생명의 은인이 되어 공작성에 침입한다! → 성공 
2단계, 공작성에 들어가 공작의 반려 각인자가 된다?! → 예측 불허의 상황! 
2.1단계, 불안한 각인을 위해 공작과 스킨십을 해야 한다?! → 예측 불허의 상황222 → 두근두근설렘?! 
 
공작성에서 정보를 캐내고 흑막도 찾아야 하는데,
최종 흑막일지도 모르는 아나이스 공작님한테 이렇게 두근거리면 되겠어?! 

심지어 공작님은 오빠를 나의 연인(?)으로 오해하는데?! 

아스텔의 최종 흑막을 찾기 위한 오해투성이 사랑스러운 복수극이 시작된다!!","#로맨스판타지, #오해물, #착각물, #빙의물, #수인물, #달달물, #힐링물, #첫사랑, #소유욕/독점욕, #능력남, #짝사랑남, #능력녀, #자상녀, #다정남, #다정녀",전체이용가
앤섬 세이브 월드!,일단랔,드라마,5.1만,10.0,전체72,전체 267,"― 지금까지 이런 웹툰은 없었다.
― 잘생김만 믿고 시작하는 웹툰계의 2D 아이돌 프로젝트.
― 잘생김이 세상을 구한다! 핸섬 세이브 월드!

ⓒJC미디어","#일상물, #현대물, #동거, #성장물, #오해, #일상, #가족, #라이벌, #소꿉친구, #신분차이, #재회물, #친구, #가수, #학생, #남주중심",15세이용가
역습,"주홍비,아인,아거,기면,순해,손태주,꿀밀,양양,김시호",판타지,2.7만,9.9,전체4,전체 57,"의자왕의 염원이 서린 현존 최고의 바둑판, 백제목화자단기국.
세상의 모든 의와 불의를 가르는 망우당 곽재우의 칼.
김해 대성동 무덤에서 발견된 가야의 여전사들.
그리고 천불 천탑의 꿈이 담긴 절, 운주사까지.

익숙하지만 조금은 멀었던 과거의 역사들이 
SF부터 로맨스까지 찬란한 상상력을 통해 다시 태어난다면?

* 해당 웹툰은 JTBC 예능 '역사를 습작하다(11/6 저녁 6시 40분 첫 방송)'와 함께 합니다.",해시태그 없음,전체이용가
상추마켓,"이삼,666",드라마,190.1만,9.8,전체57,"전체 1,306","뚱뚱하고 못생겨서 18년 내내 지독한 왕따를 당하던 김여주. 
우연한 기회에 인기 중고거래 앱 <상추마켓>의 로얄 회원이 된다. 

로얄 회원은 뭐.든. 거래가 가능하다는 특권이 있다는데... 

""정말로 남친, 연애기술, 재능 심지어 얼굴과 몸매까지도 거래가 가능하다고?""

김여주는 찌질한 과거의 자신을 버리고 새로운 삶을 살 수 있을까?","#미스터리, #판타지물, #학원물, #현대물, #영혼체인지/빙의, #입시, #신분차이, #친구, #학생, #여주중심",15세이용가
어비스호,코리,드라마,53.2만,9.5,전체50,"전체 1,089","[카카오페이지X케나즈 ㅋㅋㅋ웹툰 아카데미 데뷔반 1기 선정작]

""세계 최초, 방탈출 크루즈 '어비스호'.

북악고 학생들의 어비스호 첫 번째 게임이 시작되었다. 
그리고 드러나기 시작하는 어비스호의 진실! 

일곱개 방의 수수께끼를 모두 풀고 어비스호를 탈출해라!","#스릴러, #서바이벌, #친구, #학생, #스릴 넘치는",15세이용가
왕도무문 [개정판],묵검향,무협,86.2만,10.0,전체195,전체 230,"그들은 신이 숨기고 싶어 하는 것을 찾는 인간들이다.
그래서 파멸되어야 한다.
그들에게 몰락의 시간이 밤안개처럼 밀려왔다.
십왕련(十王聯).
오로지 영령촌을 무너뜨리기 위해 결성된
천하무림의 대연합.
그리고 종이꽃의 슬픈 전설처럼
그들은 몰락했다.

나후! 너는 악마의 딸.
너는 어둠이 태양을 지배하는 어둠 속에서
악마의 숨결처럼 태어났다.
가슴에 숨겨진 악마의 마성을 정갈하게 태우지 못하면
너는 악마의 딸이 된다.
어둠을 지배하는 악마의 딸이...!

그들은 지극히 고요하면서도 찬란했다.
선당에 종이꽃이 만발했다.
종이꽃의 꽃말은, 항상 기억해라, 다.
그리고 그가 돌아왔다.
피의 영령들을 기억의 불꽃으로 일깨워
그가 돌아왔다.","#무림, #복수",15세이용가
8번째 신부,이은영,로판,301.5만,9.8,전체86,"전체 1,563","마수의 습격으로 소중한 사람이 다친 마리는 치유사를 요청하기 위해 영주가 있는 에렌델 성으로 향한다.
에렌델 성은 영주와 결혼한 7명의 신부가 모두 의문의 죽음을 맞이한 이후, 어떤 사람의 방문도 허락하지 않고 있다.
우여곡절 끝에 에렌델에 입성한 마리는 소문의 주인공인 가브리엘 루치아 공작과 대면하게 되는데...

""내가 네 요청을 들어준다면, 너도 나에게 뭔가를 줘야지.""
""좋아요. 저에게 원하는 게 뭐죠?""

""내 8번째 신부가 되는 거야.""",#로맨스판타지,전체이용가
그는 내 여동생을 사랑했다,"데지,꽃니랑",로판,168.3만,9.6,전체50,"전체 1,333","내가 좋아하는 그 남자는 내 여동생을 사랑한다?! 어긋나고 어긋나는 사랑 이야기!

""시한부로 죽었는데, 소설 속 엑스트라로 태어났다. 
사실 내가 여주인공인 줄 알았는데, 아니었다. 
만나지 못했던 귀염뽀짝한 동생을 보자마자 알았다. 아, 얘가 여주구나. 
반짝반짝한 내 동생은 누구나 사랑하는 여주인공이었고, 난 우연히 생긴 덤이었다. 

여주는 남주를 사랑하고, 남주 역시 여주를 사랑할 것이다. 
그런데 동생이 아니라 자꾸 내가 남주와 얽혔다. 만남들은 최악이었다. 
문제는 어느새 그 사람을 사랑하게 되었다는 것이다. 
그는 내 여동생을 사랑하고, 모든 이야기는 원작대로 흘러갈 것인데도 바보같이. 

“이제 그만하자. 다 내려놓고 사라지자.”

그가 내 여동생과 결혼식을 올리겠다고 말하는 클라이막스에서 난 도망쳤다. 
화려한 스포트라이트 아래 엑스트라가 있을 필요는 없으니까. 
그렇게 짐을 싸고 열심히 도망쳤는데……. 

이 남자가 왜 여기에 있지? ""","#로맨스판타지, #오해물, #착각물, #영혼체인지, #짝사랑, #첫사랑, #소유욕/독점욕, #왕족/귀족, #능력남, #능력녀, #도도녀, #무심녀, #철벽녀, #상처녀, #쌍방삽질",전체이용가
오만한 그 남자의 여비서,"horn,쌀초,농약같은가스나,ab studio",로맨스,197.6만,9.8,전체50,전체 864,"똑 부러지는 일처리에 아름다운 외모까지 겸비한 비서계의 엘리트, 윤다영. 
업무 완벽, 공과 사 구분 철저 등... 모든 부분에 완벽한 그녀는 상사의 추문으로 직장을 옮기게 된다. 

그날 밤. 알바가 끝나고 집에 가던 중 취객에 의해 곤경에 처한 다영은 한 남자를 만나 도움을 받게 된다. 
그것도 모자라 예기치 못한 포옹, 코피 작렬, 입맞춤까지. 

""고마우면 보은.""
네? 
""입술, 코피, 생명의 은인. 뭐 하나 그냥 넘어갈 일이 아니지 않나요?""

다영은 끈덕지게 보은을 바라는 남자에게 자신의 명함이라며 나이트 전단지를 쥐어주고 도망친다. 

그 남자가 자신의 새로운 직장인 고려호텔의 회장. 강도훈인 줄은 꿈에도 모른 채. 

""아~ 이직한 곳이 여기였군요? 나이트가 아니고.""
... 망했다. 첫 날부터 해고 확정인가.

안경의 두께 만큼이나 매력적인 여자 윤다영과, 오만한 그 남자 강도훈의 달콤살벌 사내 로맨스!","#현대로맨스, #착각물, #사내연애, #오피스물, #우연한만남, #능글남, #재벌남, #능력남, #사이다남, #능력녀, #걸크러쉬, #사이다녀, #갑을관계, #달달물, #로맨틱코미디",전체이용가
아델린의 깊은 밤,"햅스터,치즈난,이현성",로판,217.8만,9.9,전체81,"전체 1,455","사랑하는 남자에게 살해당한 아델린, 그러나 그 남자와의 결혼식 날로 다시 회귀했다.
또다시 죽음을 반복하지 않기 위한 아델린의 깊은 밤이 시작된다.","#로맨스판타지, #회귀물, #직진남, #능력녀",전체이용가
어둠이 걷힌 자리엔,젤리빈,드라마,38만,10.0,전체61,전체 728,19nn년 경성의 한구석에 자리한 특별한 가게. 그곳에 모이는 기기묘묘한 사연들,"#가상시대물, #미스터리, #기묘한",15세이용가
묘진전,젤리빈,드라마,46.3만,10.0,전체70,전체 643,"하늘로 돌아가고 싶은 남자, 묘진. 그와 얽힌 기묘한 이야기","#가상시대물, #미스터리, #판타지물, #기묘한",15세이용가
후회는 한 번이면 족하다,"최은경,오메기떡,리아란",로판,244.9만,9.8,전체97,"전체 2,707","변방의 작은 마을의 평민 소녀 '코넬리아' 는 어느날, 
광기에 물든 드래곤 '악테일' 을 잠재우기 위해 떠나온 용사들과 만나 그들의 모험에 합류하게 된다. 
인도자의 힘을 타고난 코넬리아는 미로처럼 얽혀 있는 결계 속에서 
악테일의 레어로 향하는 길을 정확히 찾아내고, 용사들과 함께 무사히 악테일을 잠재운다. 
그러나 코넬리아는 평민이라는 이유로 용사로 인정받지 못하고, 
자신에게 유일하게 손을 내밀어준 '데바론 아스톨프' 공작의 곁에 머무른다. 
수도의 공작 저에서 지내며 할머니를 돌볼 수 있게 되어 기뻐했던 마음도 잠시, 
데바론은 곧 이상할 정도로 코넬리아와 거리를 두기 시작한다.
차갑게 변한 데바론의 태도에 저택의 하인들 역시 코넬리아를 멸시하는 나날이 이어지고, 
할머니가 돌아가신 날. 코넬리아는 데바론을 떠나기로 마음먹는다.

‘나는 살기 위해 너를 떠날 거야. 다시는 되돌아오지 않아.
후회는 한 번이면 족하니까.’

―그리고 1년 후. 모벨토 마을의 '리아 선생님' 으로 정체를 숨긴 채 살아가던 코넬리아를 찾아온 건 
다름 아닌 데바론이었는데…","#로맨스판타지, #타임슬립, #기사물, #운명, #천재, #다정남, #후회남, #능력녀, #외유내강, #상처녀",전체이용가
타임라인,헛둘,드라마,4.2만,9.5,전체41,전체 72,"화려한 패턴이 돋보이는(?) 일바지의 고장에서 자란 하윤, 패션디자인학과에 합격!
열정, 우정, 그리고 애정으로 가득할 줄 알았던 그녀의 스무살은, 타임라인의 게시글 하나로 무너질 위기에 처하는데...!",해시태그 없음,15세이용가
시급 연애,"김앙금,박정식,비에이",드라마,130.8만,9.8,전체84,"전체 1,987","'시급 2만 원에 저랑 사귀어 주세요.'

가난한 대학생 차도현. 어느 날, 같은 과 후배인 이사나에게서 말도 안 되는 제안을 받았다.
캠퍼스에서 시체 파묻기 적당한 곳을 찾는 이 여자애의 제안을 받아들여도 되는 걸까?
모든 것이 수상하기만 하지만, 당장 아르바이트에서 잘린 도현이 거절하기엔 너무나 달콤한 제안이었다!
“역시 돈을 바른 보람이 있네요.”
“그런 생각은 마음속으로 해!”

돈밖에 없는 여자와, 돈만 없는 남자의 수상한 연애 대행 서비스.","#일상물, #계약연애/결혼, #학생, #귀여운, #노블코믹, #두근거리는, #사랑스러운",전체이용가
눈밭을 꿈꾸며,밍,BL,7.5만,10.0,전체28,전체 169,"연극부 부장 진혁은 창작극 배역 짜기에 몰두하고 있던 중, 새롭게 전학 온 송우에게 첫눈에 반한다.
송우가 자신이 고민하던 배역과 잘 맞는다고 생각한 진혁은 연극부 입부를 제안하지만,
아역배우를 하다가 연기에 트라우마가 생긴 송우는 단칼에 거절하게 되는데...",해시태그 없음,15세이용가
회귀한 김에 복수하겠습니다,"마루코믹스,권이은",로판,98.6만,9.7,전체80,전체 447,"죽음을 간절히 바라며 눈을 감았는데 회귀해버렸다. 
폭력을 서슴지 않았던 남편, 사탕발림으로 날 유혹해서 버린 내연남, 
나를 하인으로 부려먹던 용병까지 모든 게 그대로였다.

""이 지옥 같은 삶을 또 되풀이하라고?""
""아, 그래. 어쩌면 이건 신이 내게 준 기회일지도 몰라.""

""이번 삶은 죽음 대신…복수를 선택할 거니까.""","#로맨스판타지, #복수물, #회귀물, #짝사랑, #다정남, #순정남, #능력남, #순진남, #능력녀, #외유내강, #걸크러쉬, #계략녀, #상처녀, #냉정녀, #금단의관계",전체이용가
제목 없음,작가 없음,장르 없음,조회수 없음,별점 없음,회차수 없음,댓글수 없음,줄거리 없음,해시태그 없음,연령 등급 없음
로맨틱 피치,"신설아,팀리치",로맨스,42.4만,10.0,전체42,전체 363,"오래된 신문 보급소 딸로서 신문과 함께 자라왔기에 신문기자의 꿈을 꾸게 된 혜진. 

명문대 학보사의 걸출한 기자로 각종 학교 문제를 다루고 싶었지만 다 쓰러져가는 학보사는 혜진에게 '우리 학교 꽃미남' 취재에 실패하면 종이신문도 폐간이란다. 

인터뷰 대상은 까칠하기로 소문난 럭비부 주장 한성! 

과연, 혜진은 무사히 인터뷰에 성공해 학보사를 살릴 수 있을까?","#현대로맨스, #캠퍼스물, #우연한만남, #까칠남, #엉뚱발랄녀, #로맨틱코미디",전체이용가
저 같은 정령에게 집착하지 마세요!,"miso,고니,도보라",로판,643.3만,9.8,전체108,"전체 5,825","소설 속 엑스트라, 최약체 하급 바람의 정령으로 빙의한 ‘아셀라’.
나약하기 그지없던 아셀라는 정령들에게 괴롭힘을 당하며, 살아남기 위한 분노를 삼킨다.
모든 정령은 신의 뜻에 따라 정해진 기사와 맹약을 맺는데, 아셀라는 제국 최고의 기사단장 ‘라세즈 시에르텐샤’와 맹약을 맺게 되었다?!

“라세즈? 그의 정령은 첫 전투에서 죽게 되는데?”

살아남기 위해서는 라세즈와의 맹약부터 끊어내야 한다.
다행히도 서로의 상대가 되길 원치 않았던 두 사람은 상대가 구해질 때까지만 맹약을 잇기로 하고, 끝이 정해진 “시한부 맹약”을 시작한다!

우여곡절 끝에 드디어 시한부 맹약의 끝이 찾아오고 아셀라는 드디어 맹약을 깨려는데, 갑자기 태도가 돌변한 라세즈!
갑자기 맹약을 해지해줄 수 없다고 하는데!
심지어 어쩌다 주워버린 두 번째 기사 카이로스는 라세즈를 밀어내고 첫번째가 되겠다고 하고, 원작의 남자 주인공인 황태자와 제국의 바람둥이 에드워드까지 본인을 기사로 삼아달라고 애원한다.
그리고 이 모든 남자들을 질투하는 상급 정령 헤르휘스까지.

쓸모없는 흙수저 정령이었던 아셀라에게 손을 뻗치는 무수한 남자들!
이 소설 속에서 조용히 살아남으려던 그녀에겐 부담스럽기만 한데…….

“저 같은 정령에게 집착하지 마세요!”","#로맨스판타지, #빙의물, #역하렘, #까칠남, #능글남, #바람둥이, #소유욕/독점욕, #왕족/귀족, #대형견남, #능력녀, #철벽녀, #계약관계, #삼각관계, #소꿉친구, #달달물",전체이용가
대충 연애하다가,"더덕이,주바",로맨스,122.1만,9.8,전체50,전체 877,"‘고교 시절 1년 이상 연애하고, 교제를 인정받은 학생들에게 대입 가산점을 준다.’
20XX년, 대한민국. ‘고교 연애 장려 정책’이 시행된다.

연애 관리 우수학교인 다정고등학교 2학년에 재학 중인 한예리.
대학 진학을 위해 연애가산점이 절실하지만, 그녀에겐 연애를 할 수 없는 숨겨진 이유가 있다.

“만나서 그냥 그렇고, 앞으로 친하게 지내지 말자.”
그러나 늘 장갑을 끼고 다니는 전학생 민가람의 첫인사를 듣던 순간, 예리는 생각했다.

‘...쟤라면 사귈 수 있겠다.’

감정을 잃어버린 예리와 감정에 진절머리가 난 가람의 대충 연애 로맨스.
'우리, 대충 연애하자!'","#학원물, #오해물, #착각물, #운명, #동정남, #평범남, #순진남, #능력녀, #상처녀, #걸크러쉬, #무심녀, #쌍방삽질, #계약관계, #달달물, #로맨틱코미디",전체이용가
로판인 줄 알았는데 괴담이다,"624,수호,물푸울",로판,275.2만,10.0,전체55,"전체 3,969","과제에 찌든 대학생인 내가, 어느 날 눈을 떠보니
아름다운 장미가 가득한 저택의 아가씨에 빙의했다!

막대한 재산, 비밀이 많은 가족들과, 수상한 저택과 메이드들.
그리고 다정한 미남 약혼자까지.

이건, 이건 분명 K-로판에 빙의한 것이 틀림없어!

제가 로판이라면 자신 있죠,
원작자도 만족할 해피 엔딩을 만들어 드리겠습니다!

우선 사용인들과 친구가 되는 것부터 시작하기로 했다.
“내가 기억 상실증이 있어서 그러는데, 네 이름이 뭐야?”

…어라? 다들 이름이 같잖아?
.
.
.
[장미 넝쿨 저택 사용인 근무수칙]

4. 마담 자우어의 딸들에게 본인의 실명을 말해서는 안 됩니다.
이를 어긴 사람은 즉시 해고되며, 당일 본 저택을 떠나야 합니다.","#로맨스판타지, #미스터리, #착각물, #빙의물, #여주판타지, #인외존재, #초월적존재, #계략남, #냉정남, #능력녀, #엉뚱발랄녀, #외유내강, #계약관계, #기억상실, #드라마",15세이용가
쥐구멍 볕 들 날,"여내,창식,김지호",로맨스,135.3만,9.9,전체56,"전체 1,794","빛나는 20대를 빚 갚느라 다 보냈다.
겨우 다 갚았더니, 또 새로운 빚이 생겼다.

지긋지긋한 세상과 작별하기 위해 찾아간 다리 위에서
자신처럼 극단적인 선택을 하려는 남자와 마주친 예나.

소동 끝에 자살에 실패한 두 사람은
서로의 사정이 아주 조금 궁금해졌다.

""예나 씨는 왜 죽으려고 했어요?""
""빚 갚을 돈이 없어서요.""
""그 빚, 제가 갚아 줄까요?""

햇살처럼 따스한 남자, 주원의 목소리.
춥고 어둡기만 했던 예나의 삶에도
드디어 볕 들 날이 찾아온 것일까?","#현대로맨스, #성장물, #막장, #우연한만남, #다정남, #순정남, #존댓말남, #대형견남, #순진남, #평범녀, #사이다녀, #다정녀, #달달물, #드라마, #권선징악",전체이용가
고백,모모피아,BL,11.1만,9.1,전체48,전체 331,개떡 같은 사건사고가 찰떡 궁합이 되는 천생연분 로맨스,해시태그 없음,15세이용가
어째서 출연자들이 내게 고백하는 건데!,파운드,로맨스,110만,9.8,전체50,"전체 1,029","남녀 6~8명이 한 집에 모여 생활하고 '썸' 타는 내용을 다루는
리얼리티 프로그램 [하우스메이트].

이번으로 시즌 3가 제작될 만큼 인기 있는 이 프로는 
주인공 나은서 PD가 기획하고 총괄한 프로그램이다.

스스로의 연애에는 큰 진척이 없어도 남의 연애 이야기는 
잘 풀어갈 자신이 있다고 생각하는 그녀.

하지만 이상하게도 이번 시즌의 출연자들은
자신의 바람대로 움직이지 않고 있는데...?","#현대로맨스, #연예계물, #까칠남, #연하남, #츤데레남, #순진남, #철벽남, #능력녀, #외유내강, #걸크러쉬, #직진녀, #털털녀, #삼각관계, #로맨틱코미디, #드라마",전체이용가
데뷔를 피하는 방법,"도정,공수교대",BL,46만,10.0,전체50,전체 507,"한국예고 실용무용과 졸업생, 하현.
PD 삼촌의 간곡한 요청으로
아이돌 오디션 프로그램 <서바이벌 ID>의
대타로 참여하게 되었다.

본래의 계획대로라면
""통편집"" ""투명인간"" ""광탈""의 엔딩을 맞이해야 하지만,
팬들의 도움(?)으로 매 스테이지마다 살아남게 되는데…

'삼촌, 저 하차하고 싶어요… ㅠㅠ'

한때 몸이 부서져라 춤을 사랑했었으나
그 꿈 모두 버린 채 살아가던 하현.
포기하니까 자꾸만 데뷔가 눈앞으로 다가오는 현실 대체 무엇?

""선배, 저 선배 춤 좋아해요.""

게다가 하현의 과거를 알고 있는 참가자 '지구'는
대체 어디서 온 거람?!
(이름이… '지구'라고? 화성 옆에 그 지구 말하는 건가?)",해시태그 없음,15세이용가
요리하는 마법사,"삐리빠라,다한,퍼플레몬",로판,214.9만,9.9,전체50,"전체 3,036","미식(美食)을 사랑하는 타투이스트 유정.
갑작스러운 사고로 정신을 잃고 눈을 떠보니 평소에 읽던 소설 속 등장인물,‘실비아’에 빙의되어 있었다. 
게다가 계모 왕비의 학대로 거식증을 앓으며 곧 대륙을 피로 물들일 이 소설의 남자 주인공, ‘펠릭스’와 만나게 되는데…

더욱 맛있는 것을 먹기 위해서, 더욱 쉽게 요리하기 위해서 마법진을 몸에 새기는 실비아.
그녀의 손끝에서 새로이 태어난 마법진이 마수들이 판을 치는 대륙에 새로운 바람을 불어넣는다!","#로맨스판타지, #빙의물, #중세물, #역하렘, #까칠남, #상처남, #왕족/귀족, #철벽남, #무심남, #능력녀, #자상녀, #걸크러쉬, #털털녀, #로맨틱코미디, #치유물",전체이용가
목요일의 블루문,"스튜디오 JHS,감바",드라마,78만,10.0,전체60,"전체 1,452","""어서 오세요~ 칵테일 바 블루문입니다!""
 
잘나가던 대기업을 퇴사한 후, 사촌 오빠의 영업장 '블루문'에서 알바 중인 나연!
다양한 칵테일들을 만들며 즐거운 시간을 보내고 있지만,
여전히 자신이 진짜 하고 싶은 일이 무엇인지 고민 중이다.
그런 나연 앞에 어느 날, 의문의 손님 인우가 나타난다.
 
""...신경 써주셔서 감사했어요.""
 
나연과는 다르게 꿈을 향해 나아가는 듯한 인우.
하지만 그에게도 말 못 할 고민이 있는 듯한데...
 
현실과 꿈, 그 사이에서 방황하는 청춘들의 이야기!
칵테일과 함께 풀어가는 나연과 인우의 드라마가 시작된다!","#일상물, #힐링물, #성장물, #음식/요리, #일상, #썸, #연상연하, #가수, #요리사, #고퀄리티, #두근거리는, #분량많은, #사랑스러운, #잔잔한",전체이용가
사적취향,"백하나,지미",로맨스,362만,9.9,전체64,"전체 2,277","""난 변하지 않는 것만 사랑해야지.""

남들보다 일찍 사람은 변한다는 것을 깨달은 도은은
변치 않는 글로벌 명품 브랜드, '아이주'의 후계자가 되기 위해 
세계적인 아트 디렉터 정우와 약혼하기로 한다.

그런데 어느 날, 성공만을 위해 달려온 도은 앞에
살면서 처음 느껴보는 감정이 들게 하는 세영이 나타나는데...

세영을 통해 그동안 몰랐던 '사적취향'을 알게 되는 도은,
과연 그녀는 일과 사랑을 모두 쟁취할 수 있을까?!","#현대로맨스, #오피스물, #우연한만남, #다정남, #능력남, #대형견남, #순진남, #능력녀, #도도녀, #걸크러쉬, #재벌녀",15세이용가
야설록 최후의 일격 컬렉션,야설록,무협,36.7만,10.0,전체190,전체 57,"<야설록 최후의 일격 컬렉션> 작품구성

1. 무림사계 [개정판]
2. 검향록 [개정판]
3. 초혼검웅록 [개정판]",해시태그 없음,15세이용가
메리지 B ~회귀한 영애는 가문의 원수와 결혼한다~,"요슈아,남사랑,코나,과앤",로판,204.6만,9.9,전체57,"전체 2,092","""네가 멜리시를 죽인 거야!
네가 나를 놓아줬더라면, 그녀는 살아 있을 텐데!""

사랑하는 소꿉친구 테리오 알테와 결혼한 고요 루비엣.
그러나 테리오의 마음은 고요의 여동생 멜리시에게 향해있다.

얼마 뒤 안시 베텔기우스 후작에 의해 루비엣 가문은 멸문하게 되고,
그와 정략혼을 한 멜리시 또한 죽게 된다.

테리오는 그 모든 원망을 고요에게 쏟아내고,
견디다 못한 고요는 생을 저버리고 마는데…


눈을 뜨니, 7년 전으로 돌아온 고요.
그녀는 멜리시를 대신해 안시 베텔기우스와의 결혼을 선택한다.
'더 이상 희망은 없어. 어차피 죽을 운명이라면 확실한 비극을 고르겠어.'

그런데 이 남자… 어째서 이렇게 다정하게 구는 걸까?
그렇다면 차라리…
'당신의 다정한 가면이 오래가길 바라요.
내 목숨을 끊을 그날까지.'


해피 엔딩을 믿지 않는 그녀의 '플랜 B' 결혼 생활.
<메리지 B>","#로맨스판타지, #타임슬립, #성장물, #환생물, #회귀물, #중세물, #여주판타지, #운명, #나쁜남자, #능글남, #계략남, #순정녀, #상처녀, #쌍방삽질, #치유물",전체이용가
일월성신,"김숙지,이름표",드라마,9만,9.9,전체51,전체 130,"태초의 성신(星神)은 천상의 신들이 본분조차 잊고 탐욕에 휩싸이자
오직 '신탁의 인간'만이 성신을 차지할 수 있는 저주의 신탁을 내리게 된다.

갑작스럽게 신들의 세력 싸움에 휘말린 선택 받은 인간 휘영은
이승에 남겨둔 남동생 곁에 돌아가기 위해 천상 탈출을 시도하는데...

그녀를 지키려는 신과 없애려는 신, 그리고 이용하려는 신까지,
어지러운 천상계에 놓인 휘영은 결국 주어진 운명에 정면 승부하기로 결심하고
성신으로 거듭나기 위한 관문에 도전하기로 한다.

신들의 견제 속에서 펼쳐지는 휘영의 천상계 고군 분투기!","#판타지물, #현대물, #힐링물, #성장물, #신령, #전생/환생, #초월적존재, #환생물, #가족, #형제/자매/남매, #의사, #고퀄리티, #여주중심, #이야기중심",전체이용가
"작가님, 이번 생은 여주인공입니다","SAN,이리타,달다람쥐",로판,241.3만,9.8,전체74,"전체 1,589","""작가님은 아무래도 손으로 글 쓰는게 어려우신 것 같으니, 
이번엔 직접 발로 뛰며 써보시는 게 좋을 것 같아요.""

자칭 내 팬이라는 신의 손에 끌려와 연중했던 소설 속 조연으로 빙의했다.

“죽을 각오로, 아니 살아남을 각오로 꼭 완결을 지으세요.”

소설을 완결시키지 못하면 죽음뿐이라는 신의 협박에 열일하던 중,
여주인공이 내 눈앞에서 죽어버렸다?!

결국엔 대신 여주인공 대타로 구르게 된 작가가 펼치는 모험, 로맨스, 그리고 처절한 몸부림?!","#로맨스판타지, #빙의물, #성장물, #다정남, #능력남, #존댓말남, #직진남, #능력녀, #외유내강, #계약관계, #드라마, #권선징악, #달달물, #운명, #사이다녀",전체이용가
나락,박변,드라마,63.6만,9.7,전체81,전체 558,"과거 학폭 가해자였으나 자신의 과거를 숨기고
신상정보를 공개하지 않은 채
재치 있는 입담만으로 100만 명의 구독자를 보유,
남부럽지 않은 호화로운 삶을 누리는 뉴투버 '국지만'
그런 지만에게도 큰 골칫거리가 하나 생긴다.

그것은 자신의 정체를 알고 있는 듯한 
시청자 '오토 도어'가 등장하여
학폭 가해자 논란을 제기하기 시작한 것

무시해버리기에는 너무나도 구체적인 저격에 
지만의 채널의 민심은 그야말로 곤두박질치기 시작한다.

국지만은 이 사건을 해결하기 위해 
오직 편집 영상만을 업로드하는 
자신의 채널의 특성을 이용하여
과거에 아무 오점이 없는 사람을 찾아서
본인의 대역을 맡기려는 극단적인 선택을 하려 한다.

하지만 평생을 양아치로 살아온 지만의 주변에 
깨끗한 과거를 가진 사람은 아무도 없었고
이에 절망하고 있을 때 우연히 자신의 뉴투브 채널의 편집자인
'지동민'의 프로필 사진을 보게 된 지만은 
누가 봐도 찐따 그 자체인 동민을 
자신의 대역으로 삼기로 결심한다.","#현대물, #성장물, #음모, #친구, #라이벌, #BJ, #이야기중심",15세이용가
그림자 달,루하,로맨스,134.2만,9.8,전체54,"전체 2,078","[카카오페이지X케나즈 ㅋㅋㅋ웹툰 아카데미 데뷔반 1기 선정작]

21세기 천재 도예가 '서청진'은 500년 전 과거 조선의 양갓집 규수 '이영화'로 빙의한다. 그런데 뭐라고?!
곧 임진왜란이 일어난다고?! 현대로 돌아가기 위해, 생존을 위해 알고 있는 역사 지식을 총동원해 부와 인맥을 늘려가던 이영화.
그런데 왜 역사에서 멀어지려면 멀어질수록 왜 역사적 인물들이 다가오는 거야?!","#시대/역사로맨스, #동양풍, #까칠남, #뇌섹녀, #성장물, #먼치킨",전체이용가
소년이 소년에게,엠제이,BL,16.4만,9.9,전체94,전체 529,"한평생 게이임을 부정해왔던 68세의 노인 권승태는 일기장을 통해 19살의 나와 대화를 나누게 되는데..
이 말도 안 되는 상황을 이용해 과거를 바꾸려고 미래를 알려주기 시작한다.",해시태그 없음,15세이용가
네 이웃에게 친절하라,백혜경,드라마,3.3만,9.6,전체1,전체 159,"'점장님도 철 좀 들었으면, 할머니를 모시고 사는 유튜버 '함5함5'처럼.'

한 시골 편의점에서 아르바이트 중인 주인공은 평화로운 삶을 살고 있었다.
사장님도 친절하고, 일에도 어려움이 없고.
점장이 자신에게 매점 일을 모두 떠넘기는 방구석 폐인이지만 평범한 일상에서 크게 벗어나지 않았다.

몇 달 전부터 즐겨보던 유튜버의 할머니가 좀비로 변하는 영상을 보기 전까지.


※ 본 작품은 <좋아하면 울리는> 유니버스 참여작입니다.
※ 원작 <좋아하면 울리는> 작품의 세계관을 바탕으로 창작한 작품입니다.

많은 관심과 사랑 부탁드립니다 :)","#미스터리, #스릴러, #현대물, #기묘한, #남주중심, #무서운, #두근거리는, #이야기중심",전체이용가
속된 자의 기도문,"망묘,카미나리,디키탈리스",로판,8.9만,9.9,전체30,전체 66,"#서양풍 #첫사랑 #초월적존재 #순정남 #동정남 #절륜남 #계략남 #오해 #애잔물 #키잡물 #소유욕/독점욕/질투 #애교남 #유혹남 #짝사랑남 #나쁜여자 #냉정녀 #도도녀


신이 가장 총애하는 천사, 사하로. 
사하로는 악을 처단하기 위해 땅으로 내려왔다가 그만 덫에 걸린다. 
바로, 한순간 악을 동정한 것.
사하로는 그 이유로 날개를 잃고, 다시 이 땅에 나타날 악을 기다린다.

수백 년 후.
악이 깃든 인간, 야닉이 태어났다.
악이 눈을 뜨지 않기를, 그가 이 땅에서 사람으로서 죽기를 바라는 사하로는 야닉의 무사한 삶을 위해 후원자를 자처하는데...
그는 이상하게도 안락한 삶을 거부하고 가시밭길로 나아간다.

되지도 않는 유혹을 하며 살살 약을 올리는 남자와 
그런 그에게 끌리는 천사.

신의 눈을 피한 바다 위에서 사특한 악을 만났다.

*원작 : 디키탈리스 [웹소설]속된 자의 기도문",해시태그 없음,15세이용가
백작 영애의 애인을 꼬셔라,"DIAN,MQ,홍마노",로판,193.1만,9.9,전체73,"전체 1,911","18살. 마탑에 갇혀 황제에게 이용만 당하다가 회귀한 리델 크로스.

이번 생에는 절대 마법과 관련 없는 평범한 삶을 살 것이라 다짐하며, 
백작가의 메이드가 되는 것까지는 좋았는데.

백작은 리델에게 밀레나 아가씨의 애인으로 소문난 그레이엄을 꼬셔 떼어내라는 명령을 내린다.

하지만 떼어내라는 놈이 회귀 전 황제와 너무 똑같이 생겨서 적응 안 되는 그레이엄? 
얼굴만 봐도 벌벌 떨리는데 저 사람을 꼬시라니요!","#로맨스판타지, #타임슬립, #오해물, #성장물, #회귀물, #우연한만남, #운명, #천재, #트라우마, #다정남, #카리스마남, #능력남, #능력녀, #상처녀, #계약관계",전체이용가
안젤리카,지은광,드라마,31.4만,9.4,전체61,전체 431,"죽음을 앞두고 마녀에게 거둬진 인형 안젤리카.
안젤리카는 자유를 되찾기 위해 공방에서 탈출하지만,
인형의 몸으로는 스스로 살아갈 수 없다는 걸 깨닫는다.
위기의 순간, 삶이 권태로워 보이는 인간 소미를 만나게 된다.

스무 살이 되면 세상을 떠나겠다는 인간 소미와
인간이 되기로 결심한 안젤리카,
안젤리카는 그날이 오면 소미에게 몸을 넘겨받는 조건으로
함께 학교에 다니기 시작하는데..

인간 세상에 적응하겠다는 안젤리카의 희망찬 각오와 달리
학교에서 들려오는 건
소미를 향한 날선 시선과 믿을 수 없는 소문뿐이었다.

안젤리카는 소미를 둘러싼 수많은 의혹과
소문 너머의 진실에 도달할 수 있을까?
진실을 알게 되고도 안젤리카는 소미가 되어 살아갈 수 있을까?",해시태그 없음,전체이용가
매월당 열전,"하원기,구자준,지현우",드라마,55만,9.7,전체54,전체 499,"이계의 무리들과 평생 싸울 운명의 사나이 '김시습'.
어릴 적부터 신동으로 소문이 자자했던 그였지만, 운명은 그를 돕지 않았다. 
밤마다 꿈에 나오는 여인의 정체를 알기 위해 찾아간 화공은 알 수 없는 말만 늘어놓는데…
“세상은 보이는 게 전부는 아니지요. 우리가 모르는 다른 세계가 있지 않을까..그런 얘기 말입니다.”

이 세계를 살아가며 다른 세계의 존재를 깨닫고, 
이 세계의 생명과 도리를 지켜내기 위해서 가련하게 고군분투했던 남자,
'김시습'의 이야기가 시작된다!
조선과 서울을 오가는 크로스오버 판타지 사극! <매월당 열전>","#동양풍, #판타지물, #회귀/타임슬립, #차원이동, #차원이동물, #성장물, #첫사랑, #기묘한, #이야기중심",전체이용가
"이만 놓아주세요, 공작님","철군희,무소",로판,110.8만,9.7,전체73,"전체 1,225","[그 남자, 퍼시]
5년 전 실종된 약혼녀가 아이와 함께 나타났다.
“이 아이, 내 아이가 맞지?”
“저희는 이제 아무 관계도 아니에요.”
하지만 어찌된 일인지 약혼녀는 그를 거부하고,
그는 영문을 몰라 답답해하지만, 상관없었다.
“시간은 많아. 그러니까 천천히 하자.
예전에도, 지금도, 앞으로도,
내 인생에 너 말고 다른 여자는 없어.”
다시 유혹해서, 자신을 사랑하게 만들 셈이었다.

[그 여자, 메이벨]
왕성을 떠난 지 5년 만에 돌아왔다. 그의 아이를 데리고.
“더는 날 사랑하지 않아?”
“네. 전하를 사랑하지 않아요.”
“……거짓말.”
그녀를 죽이려 했으면서, 아무것도 모르는 척
뻔뻔하게 다가오는 이 남자가 증오스러웠다.
“널 사랑해. 아주 많이.”
그런데 왜 심장은 원망스럽게도, 그 앞에서 다시 뛰기 시작하는 건지.","#로맨스판타지, #육아물, #복수물, #여주판타지, #다정남, #왕족/귀족, #카리스마남, #철벽남, #상처녀",전체이용가
오 사장님은 상사병!,톤푸,로맨스,24.9만,10.0,전체67,전체 566,"어린 시절, 서툰 표현으로 인해
첫사랑인 하윤성에게 '싫다!'라는 말을 들은 후
지독한 상사병을 앓게 된 오하나 사장.

이러지도 저러지도 못한 채 10여 년이 흐른 지금,
윤성이가 맞선을 보게 된다는
청천벽력 같은 소식을 듣게 된다!

과연 오 사장은 다시 재회한 하윤성에게
이 열병 같은 마음을 전할 수 있을 것인가?","#현대로맨스, #재회물, #오해물, #짝사랑, #순정남, #다정남, #재벌녀, #걸크러쉬, #맞선관계, #쌍방삽질, #로맨틱코미디",전체이용가
유유상종,"씰론,악새,사리라면,한오디",BL,141.1만,10.0,전체43,"전체 2,263","“안녕. 도화 맞지? 유도화.”

남자를 좋아한다는 이유로 따돌림 당하던 나에게 다가온, 너의 첫 인사.

“이름 예뻐서 기억하고 있었어.”

그건 그토록 싫어하던 이름에 대한 칭찬이었다.
그리고 나는, 너를 정의하는 단어가 이를테면 이런 것이었으면 하게 됐다.

목소리, 향기, 단정한 교복….

책장을 넘기는 하얀 손가락이나, 웃을 때 그림처럼 접히는 눈매, 부드러운 말투,
혹은… 한여름의 어느 날, 이유를 묻지 않고 그저 끌어안아 주었던 다정함 같은 것들이었으면.","#현대물, #학원물, #성장물, #다정, #친구>연인, #이야기중심, #잔잔한",전체이용가
블루밍 시퀀스 [GL],이을(소이미디어),로맨스,38.5만,10.0,전체80,"전체 1,225","영화 동아리 'SINE.SO'의 회장 서우.
동아리 개강파티에서 술에 취한 중문과 신입생 하영과 부딪히게 되고 넘어지려는 하영의 손을 붙잡아준다.

""영화 좋아하세요?""
""네! 무지 좋아해요!""

하영이 영화를 좋아하는 걸 알게 된 시우는
붙잡았던 손목의 온기와 함께 하영과 동아리에서 다시 만나길 기대한다.

다음날, 하영이 'SINE.SO'를 찾아오며, 둘의 새로운 이야기가 시작된다.",#GL,15세이용가
남주를 입양합니다,"마루코믹스,샤무아",로판,156.8만,9.8,전체90,"전체 1,113","""이 아이들을 행복하게 만들어 줄 거야.
그게 내가 이 세계로 환생한 이유니까.""

미래에 대마법사가 될 운명인 롤랜드와 그의 동생 멜리사.
그리고 롤랜드의 재능을 착취하여 자신의 이익을 챙기려는 렝케.
렝케의 감시를 피해서 롤랜드와 멜리사를 데리고 도망치겠어!

일단 렝케를 피해서 먼 도시로 도망치면 될 줄 알았는데….
아이들과의 관계가 어떻게 되냐고요?
""저는… 이 아이들의 엄마예요!
카리나 블로에입니다.""

그렇게 겨우 도망친 곳이 왜 하필 클로드 공작의 영지인 거야?!
인재만 보면 사족을 못 쓰고 영입하려 든다는 클로드 공작.
'각하, 우리 아이들의 재능은 탐내시면 안 됩니다!'

""아무래도 나는… 블로에 부인이 탐이 나서 말이지.""

이건 또 무슨 소리세요…?
렝케를 피해서 도망쳤더니, 이젠 공작까지 피해 다녀야 하는 거야?!","#로맨스판타지, #육아물, #능력남, #능력녀",전체이용가
2D 남친과 엔딩을 보는 법,"글무원,군감",로맨스,42.2만,9.8,전체48,전체 468,"바람둥이부터 마마보이, 유부남까지.
본의 아니게 사귀는 족족 지뢰남들만 골라서 사귀었던 최선.

그녀가 다시는 지뢰를 밟지 않겠노라
다짐하며 만든 게임이 있었으니,
그것이 바로 출시일을 코앞에 둔 '연애 시뮬레이션'!

최선은 주말까지 자진 반납하고,
다양한 계층의 다양한 남자를 한 번에 만나 볼 수 있는
'셰어하우스 버전'으로 게임을 점검하던 중,
예기치 못한 사고로 게임 속에 빙의되고 만다.

게임에서 탈출할 수 있는 방법은
오직 남자 주인공들을 공략해서 고백받는 방법뿐.
결국 4명의 남자들을 공략하기로 결심하지만,
이 남자들 평범하지 않다.

츤데레 유리공예가 권이제와 카페 사장 조재욱.
눈치 빠른 연하남 박은성과 운동밖에 모르는 아이언까지.
그중 아무리 게임 캐릭터지만 너무 완벽해서
가짜 같은 사기 캐릭터 권이제.

직접 보니 더 사기꾼 같은 느낌에 반감이 드는데.
과연 최선은 공략에 성공하고,
시뮬레이션 게임 속에서 탈출할 수 있을까?",해시태그 없음,전체이용가
호랑낭자뎐,"요신,녹두,이재인",드라마,67.1만,9.8,전체52,전체 768,"""내가 태어나던 날, 우리 부족은 전멸했다""

선왕의 죽음과 새로운 왕의 즉위로 궁중에는 한바탕 복수의 피바람이 몰아치고, 흉사를 예언하는 부엉이의 울음소리가 끊이지 않는다. 불안감에 시달리던 왕은 조선의 둘째 왕자이자 사령을 보고 듣는 배다른 형제 무영을 불러들인다.

사랑하는 여인이 죽고 한양에서 자취를 감췄던 무영. 왕의 부름으로 도성에 돌아온 그의 앞에는 인간의 탐욕과 귀신의 원한이 서린 기묘한 사건들이 펼쳐진다. 무영은 미스터리한 소년 해랑과 함께 도성에서 벌어진 해괴한 사건들을 쫓으며 삼 년 전에 궁중을 흔들었던 수궁무의 죽음과 그 배후를 파헤치기 시작하는데......

호족이 멸문하던 날 태어난 아이 해랑과 사령을 보고 듣는 비운의 왕자 무영이 펼치는 본격 궁중 미스터리 판타지!
도성을 둘러싼 미스터리한 사건과 궁중에서 벌어지는 권력 암투까지 조선판 CSI의 탄생!","#동양풍, #미스터리, #스릴러, #추리물, #귀신, #범죄, #시대물, #연쇄살인, #음모, #사제지간, #첫사랑, #왕족/귀족, #노블코믹, #두근거리는, #스릴 넘치는",전체이용가
하승남 지옥도 컬렉션,하승남,무협,27.6만,9.7,전체240,전체 24,"<하승남 지옥도 컬렉션> 구성작품

1. 무적도신 [개정판]
2. 흑표공자 [개정판]
3. 골통진격(원제:골통우격다짐) [개정판]
4. 골통신비 [개정판]","#정통, #무림",15세이용가
결혼이 조건입니다,"정해진,DAJU,송성아,ab studio",로맨스,126.2만,9.8,전체50,"전체 1,471","낳자마자 버리고 도망갔다가 유산 노리고 들러붙은 엄마.
비정규직으로 부려먹으면서 자기 내연녀 옷까지 갖다 바치라는 회사 대표.
진실을 알면서도 불똥 튈까 외면하는 회사 동료들까지.
진짜 가족도, 가짜 가족에게도 이용만 당하고 버려지는 호구 도아인.

그런 도아인에게 찾아온 한강그룹의 상무 한태서.

“당신이 가진 1%가 필요합니다.”

내가 가진 지분을 위해서라면 무슨 조건이든 들어준다는데...

“제 조건은 결혼이에요.”

도아인은 명예 회복을, 한태서는 총수자리를 위해
서로에게 필요한 것을 갖기 위한 계약 결혼이지만,

“합시다, 결혼.”

*

[계약 조건은 사랑에 빠지지 않기.]

어떤 함정이 기다릴 지 모를 곳으로 점점 빠져드는 두 사람,
이 계약 결혼 무사히 마칠 수 있을까?

<결혼이 조건입니다>","#현대로맨스, #시월드, #막장, #가족물, #운명, #신데렐라, #다정남, #상처남, #재벌남, #외유내강, #사이다녀, #상처녀, #계약관계, #달달물, #드라마",전체이용가
연생대딩,"뱅기,순정",로맨스,90.8만,9.9,전체52,"전체 1,202","7년차 아이돌 장수 연습생 시은은 
현실을 직시하고 앞날을 위한 플랜B를 생각하게 된다.

시은은 지은이란 이름으로 바꾸고, 
평범한 대학 생활을 꿈꾸며 대학에 진학하게 되는데...","#현대로맨스, #캠퍼스물, #성장물, #운명, #다정남, #순정남, #능력녀, #삼각관계, #친구>연인, #달달물",전체이용가
렌탈샵,모니,드라마,48.6만,9.6,전체50,전체 834,"[카카오페이지X케나즈 ㅋㅋㅋ웹툰 아카데미 데뷔반 1기 선정작]

- 대한민국 최고의 아이돌 기획사 에이뮤직.

이곳에서 7년 째 데뷔를 못하고 있는 장수연습생 고혜리는 노력끝에 겨우 데뷔기회를 얻지만, 새로 들어온 연습생 서정하로 인해 순식간에 뺏기게 된다.
노력없이도 모든 걸 타고난 서정하로 인해 혜리의 열등감은 걷잡을 수 없이 폭발하는데..
그러던 어느 날, 렌탈샵이란 어플로 인해 고혜리는 서정하와 몸이 바뀌게 된다.
꿈에 그리던 서정하의 인생을 살게 된 혜리!
그런데 이거.. 내가 알던 서정하의 삶이 맞아?
뭔가 잘못되었다...!",#가수,15세이용가
너를 만지면,"YAVA,해리",로맨스,63.2만,9.9,전체52,전체 703,"말랑말랑 귀여운 햄스터 “아라찌”를 만지면, 모두 사랑에 빠진다!

초특급 연애 능력자가 되어버린 대학 새내기 서진의 첫사랑 분투기!","#현대로맨스, #캠퍼스물, #오해물, #성장물, #짝사랑, #첫사랑, #까칠남, #다정남, #상처남, #선배, #엉뚱발랄녀, #다정녀, #짝사랑녀, #상처녀, #치유물",전체이용가
달려라 메일,"캐롯툰,엘리아냥",로판,449.2만,9.9,전체57,"전체 3,946","""나는 경국지색이잖아.
그럼 내 미모 때문에 나라가 망해야겠네?""

백치미 공주가 나라를 멸망시키는 꿈을 꾸게 된 
공작 영애 메일.

구국의 사명감을 가지고,
얼굴은 예쁘지만 뇌 주름이 부족한 백치미 공주를 따라
제국에서 열리는 황후 간택전에 참여하게 된다. 

그러던 어느 날,
정원 덕후의 본능에 이끌려 들어간 정원에서
가면을 쓴 남자를 만나게 되는데…….

""정말 황제가 자주 오는 정원이라는 걸 몰랐나?""
""폐하께서 그 정도로 한가하신가요?""

그런데…

'왜 황제가 정원에서 나와?!
가면남(?)이 일러바친 거 아니야?'

과연 메일은 황후 간택전을 무사히 치르고
나라를 구할 수 있을까?","#로맨스판타지, #수사물, #성장물, #암투물, #우연한만남, #운명, #상처남, #왕족/귀족, #능력녀, #쌍방삽질, #로맨틱코미디, #개그물, #가상시대물, #재회물, #뇌섹녀",전체이용가
공작 부인의 은밀한 집필,"버터,지요,밤비",로판,273.2만,9.8,전체75,"전체 2,312","오랜 시간 글을 써오면서 이렇게 열혈 독자를 만난 것은 처음이었다.
‘내가 필인 걸 말할 수는 없지만... 뭐라도 해주고 싶어!’
엘리샤는 드레스를 잡고 있던 손을 슬그머니 뻗었다.
“음, 내가 악수……해 줄까요?”
“네……?”
“아니면, 안아줄까요?”
그 순간, 레사의 동공이 사정없이 흔들리기 시작했다.

* 남자주인공: 레사 블라크 아르문트 – <리턴 나이트> 작가 '필'의 열혈 팬. 우연히 서점에서 만난 엘리샤의 모습에 호기심을 느끼고 정략 결혼을 결심한다.
* 여자주인공: 엘리샤 로즈 베버 – 제국 최고의 인기 작가 '필'. 부모님의 결혼 압박으로 <리턴 나이트>를 쓰다가 무기한 중단에 들어간다.

* 이럴 때 보세요: 소확행 사랑 이야기가 보고 싶을 때

* 배경/분야: 서양풍/로맨스판타지
* 작품 키워드: #판타지물 #서양풍 #왕족/귀족 #정략결혼 #선결혼후연애 #츤데레남 #존댓말남 #다정녀 #외유내강 #단행본 #달달물 #","#로맨스판타지, #가상시대물, #운명, #츤데레남, #다정녀, #달달물, #로맨틱코미디, #잔잔물, #힐링물",전체이용가
당신의 죽음을 바칠 시간,"맹,아시스,원히트",로판,554.4만,9.9,전체104,"전체 4,726","마흔 살이었던 일리안이 눈을 뜨고 본 것은 작아진 손이었다.

늙은 용병이었던 그녀는 10년을 거슬러 열두 살의 어린아이,
헤이븐 윈터가 되어 있었다!

우선 망해가는 가문도 다시 세워야 하고,
과거로 돌아온 김에 이전 생에서 지키지 못한 것들도 지켜내야겠다.

그런데… 이전 생에서 거슬리던 녀석이 이번 생에서도 눈에 밟힌다!?

""너는 일리안 하인리히가 아니니까.""

도대체 과거의 나는 너에게 뭐였던 거야!","#로맨스판타지, #성장물, #빙의물, #왕족/귀족, #연하남, #츤데레남, #능력남, #능력녀, #자상녀, #외유내강, #걸크러쉬, #순정남, #상처남, #집착남, #존댓말남",전체이용가
복수를 후원해 주세요,"은산,SAM,정오찬,스튜디오 니니",로판,902.5만,9.9,전체103,"전체 5,522","유복한 에펠렌티아 백작가의 적자로 태어난 로벨리아.

아버지인 제임스 에펠렌티아 백작의 죽음 이후,
그녀의 불행은 시작된다. 

""세상은 날 버렸고, 
원수는 모든 걸 송두리째 빼앗아 갔다. 어머니마저...""

==

어머니의 죽음 이후 알게 된 진짜 원수, 
그리고 악녀로 내몰리게 될 자신의 미래.

""모든 것을 원래대로 되돌려야 해. 
나를 악녀로 만드는 운명을 피하겠어.""

복수를 결심한 그녀는 위험한 조력자에게 후원을 제안하는데...



과연 로벨리아는 복수를 완성할 수 있을까?

==

""모든 일이 끝났을 때, 그대의 옆에 있고 싶어.""

그리고 자신에게 구애하는 남자와
행복한 결말을 맞이할 수 있을까?","#로맨스판타지, #성장물, #복수물, #운명, #다정남, #순정남, #왕족/귀족, #무심녀, #걸크러쉬, #사이다녀, #계약관계, #달달물, #권선징악, #카리스마남, #냉정녀",전체이용가
악의의 농도 [개정판],"두리,팔듀(악어스튜디오),라치크",로판,211.2만,9.8,전체98,"전체 1,321","""프라우드 카터, 내 인생은 그 놈 때문에 망했어!""

귀족 영애였던 리타는 그 놈 때문에 시한부 술집 작부가 되었다.
복수를 하고 싶어도 쥘 칼날이 없는 나날들.

그런 리타에게 이국의 주술사가 제안했다.
""당신의 낡은 몸을 새 육신과 맞바꿔 드리겠습니다.""

주술사의 마법으로 시한부 작부 리타는 백작가의 영애, 
'베르타 알베르하트'로 다시 태어날 수 있었다.

하지만 베르타는 알지 못했다.

""아가씨, 제가 아가씨의 몸을 준비시켜 드리겠습니다.""
""다른 사람한테 범해지는 당신의 모습, 너무 아름다워.""
""아름다운 숙녀에게 이 정도 대가는 바라도 되겠지요.""

아름다운 베르타의 몸을 노리는 적이 사방에 깔려 있었다는 것을!

하지만 이제는 당하고만 있을 베르타가 아니다.
'힘없는 자의 악의는 꽃피기도 전에 스러진다. 하지만 지금의 나는 달라.'

넘쳐나는 돈과 백작 지위. 아름다운 얼굴과 몸을 이용해 
복수에 한 발짝씩 다가가는 베르타.

과연 베르타의 칼날은 원수를 찌를 수 있을까?","#로맨스판타지, #복수물, #시한부, #능글남, #왕족/귀족, #계략남, #존댓말남, #순진남, #동정남, #능력녀, #계략녀, #악녀, #나쁜여자, #유혹녀, #드라마",15세이용가
잔망스러운 정주임,"이현민,miyune",드라마,35.8만,9.7,전체98,전체 616,"넌 주임이고, 난 과장이야!
부하직원에게 농락당하는 나, 이상한가요?
그치만 날 놀리는 이 여자에게... 자꾸 눈이간다!♥",해시태그 없음,15세이용가
칠흑의 거버니스,아오시로 리츠,로판,36.6만,7.7,전체155,전체 535,"마리아는 평생 완벽한 인간이 되기 위해서 노력해왔다. 그러던 어느 날 5년 사귄 남자친구의 외도 현장을 목격하고 놀라서 계단에서 떨어져서 죽는다. … 그리고 정신을 차리자 그곳은 다른 세계. 왕자에게 비슷한 이유로 파혼을 당한 그 순간 전생의 기억이 돌아온 것이다. 파혼당한 느와르(마리아)는 왕자에게 복수하기로 다짐한다. 왕자에 대한 복수를 가슴에 품고 '칠흑의 거버니스'로 불리는 출중한 능력을 갖춘 가정교사로 성장하였으며, 이윽고 이웃나라 왕자의 약혼녀인 로자비의 가정교사로 초빙된다. 과연 마리아는 '거버니스'라는 가면을 쓰고 복수를 이룰 수 있을까...?! 아니면...?!","#로맨스판타지, #영혼체인지, #권선징악, #신분차이, #상처녀, #운명",전체이용가
I am 쌤(아이 엠 쌤),mola,BL,21.3만,9.9,전체46,전체 293,"고등학교 수학 교사인 강태진. 
무서운 생활 지도 교사인데다 항상 트레이닝복과 너저분한 수염으로 
학생들에게 인기는 없지만 사실 본판은 매우 잘생긴 태진. 
그는 지금 같은 교무실의 국어 교사 현우를 짝사랑 하고 있는 중이다. 
같은 남자에 직장 동료라 짝사랑에 애를 먹고 있는 태진. 
심지어 현우는 귀여운 윤 선생님과 썸 타고 있는 중인 것 같은데…? 
태진의 사랑은 성공할 수 있을까?

학교 안에서 펼쳐지는 빙글빙글 짝사랑 퍼레이드!
‘쌤’들의 귀여운 사랑 이야기가 지금 시작됩니다!

ⓒmola/학산문화사",해시태그 없음,전체이용가
엑스트라는 가장 먼저 버려진다,"해피북스투유,도세진(악어스튜디오),백청명",로판,908.7만,9.9,전체124,"전체 6,980","태양, 달, 그리고 별에게 가호를 받아 번성한 벨비체 제국.
막내 황녀로 태어난 스텔라는 별의 능력을 발현하지 못해
반란이 일어나자 가족들에게 가장 먼저 버려진다.

시간이 흘러, 스텔라는 아픈 과거를 잊고
그녀를 거둬준 새 가족들과 함께 평민 '에델'로 행복하게 살아간다.
그런데 스텔라가 사라진 이후 제국에는 별이 뜨지 않고
그제서야 황족 일가는 10년 전에 버린 막내 황녀를 찾기 시작하는데...

돌아온 스텔라는 황가를 무너뜨리고 황제에 올라
어느 누구에게도 고개를 숙이지 않고 스스로 왕관을 쓴다.

“이제 당신들이 바라는 스텔라를 무참히 부숴 주겠어.”","#로맨스판타지, #복수물, #첫사랑, #짝사랑, #소유욕/독점욕, #순정남, #능글남, #계략남, #집착남, #대형견남, #능력녀, #사이다녀, #냉정녀, #드라마, #권선징악",전체이용가
일어나서 사랑을 시작해,토너진,BL,16.7만,9.5,전체50,전체 287,"호모포비아로 알려진 유명 배우 권태호, 불의의 사고로 의식불명이 되고 만다.
이후 그가 눈을 뜬 곳은 50년이라는 시간이 지난 후, 미국의 병원.
받아들이기 힘든 현실에 혼란스러워하는 태호 앞에 남제영이 등장한다.
제영은 태호를 좋아했지만 태호가 호모포비아라는 것을 알고 마음을 숨기며 다가가는데...

ㅡ 호모포비아인 권태호와 그를 좋아하는 남제영의 아슬아슬한 동거 생활!",해시태그 없음,15세이용가
"하필, 본부장","라세,윤비밀",로맨스,195.8만,9.5,전체54,"전체 1,376","진상 전남친을 퇴치하려고 
음담패설 가득한 문자 답장을 날렸다. 

-존잘남 본부장과 헉헉. 
-사람을 착각했군요. 

뭔가 이상한 느낌에 다시 확인하니
진짜 본부장한테 문자를 보냈잖아!?!

성희롱으로 고소한다는 걸 겨우 말리니
그가 조건으로 내놓은 것은 계약결혼.
시한부 할머니가 자신의 결혼을 그렇게 원한다나.

눈 딱 감고 일단 시집은 갔는데
그런데 이게 웬걸, 헬조선에 이런 천국이 있다니.
걸크러쉬 시어머니에, 다정다감 시할머니, 철 잔뜩 든 시누이.
오로지 이 집안에서 문제는 본부장뿐이다.

3개월 후엔 이혼, 이 이혼 안 할 순 없는 걸까~?","#현대로맨스, #계약관계, #드라마, #츤데레남, #오피스물, #차도남, #갑을관계",15세이용가
과보호 아가씨,"갓꿍,연백림",로판,93.8만,9.8,전체70,"전체 1,165","‘이 세상을 조져놓으려고 신이 보낸 악마가 분명합니다’

‘그 인격 파탄자와 함께 있을 바에야, 차라리 악마에게 영혼을 팔겠습니다’라는 평을 받는 라한 엘 카녹스 대공. 어릴 적 상처로 집안에서 소중하게 자라온 아가씨 이스엘은 어느 날 소문으로만 듣던 무시무시한 카녹스 대공에게 프로포즈를 받게 된다. 가족들의 반대에도 불구하고 집안을 위해 카녹스 대공과 결혼을 하기로 결심한 이스엘. 그런 그녀 앞에 나타난 사람은 마을에서 위험에 처한 이스엘을 도와주었던 다정하고 멋진 기사님이었다. 그래서 이스엘은 카녹스 대공을 따라다니는 수많은 악명을 도무지 이해할수 없었다. 

‘이렇게 착하고 다정한 사람에게 인격파탄자라니... 다들 왜 그러는 걸까?’

제작 - 제이에스컨텐츠

ⓒ갓꿍, 연백림/제이에스컨텐츠","#로맨스판타지, #여주판타지, #왕족/귀족, #계략남, #존댓말남, #능력녀, #재벌녀, #순진녀, #상처녀, #계약관계, #개그물, #힐링물",전체이용가
"시스템 마스터, 레벨 1부터 시작하다",ManDongzuo,판타지,58.5만,9.1,전체98,전체 290,"희귀 게임 아이템을 만들어 현금 거래를 하며 살아가는 주인공, 이도훈은 어느 날 악질 사기꾼 폭력배인 황재범 일당에게 잡혀 곤욕을 치르게 된다. 그러던 중, 머리를 돌모서리에 찍히게 되면서 ‘시스템’이 그의 몸에 각성하게 되는데…","#학원, #시스템, #노력, #성장, #이능력, #학생",전체이용가
네 목소리로 나를 녹여줘,"포비,열기",로맨스,231.8만,9.9,전체65,"전체 2,626","아이돌 같은 외모와 뛰어난 아나운싱으로 
입사 6개월 만에 차세대 스타 아나운서로 떠오른 장민주.
하지만 KBC의 간판 PD 한 욱은 
면접장에 들어서는 민주를 보자마자 심드렁하게 통보한다.

“저희가 찾는 분은 아닌 것 같네요.”

입도 뻥끗 못 해보고 1초 컷이라니! 
민주는 그를 쫓아가 이유를 따져 묻지만, 한 욱은 단호하게 선을 긋는다.

“저랑 장민주 아나운서는 가는 길이 다른 것 같습니다.""

정말이지 이보다 더 최악일 수 있을까? 싶을 만큼 최악의 첫 만남이었다.
오만하기 짝이 없는 이 남자와 얽힐 일은 절대 없을 거라 생각했는데.

“나랑 같이 일하고 싶어요? 그럼 나랑 해요, 일. 내가 더 멋진 자리에 올려 줄게.”

철저하게 선을 긋던 이 남자가 어느 날 갑자기 
거침없이 선을 넘기 시작한다.

그리고 그녀의 곁으로 다가오려고 하는 또 한 남자…….

“내가 장민주 아나운서한테 관심이 많거든.”

멜로 눈빛을 하고서 한낮의 햇살처럼 다가오는 선배 아나운서, 김신우.
마치 오래 전부터 그녀를 알고 있었던 것처럼 그녀의 주변을 맴도는 두 남자.
그녀를 알아도 너무 잘 아는 수수께끼 같은 두 남자의 정체는 무엇일까?","#현대로맨스, #오피스물, #우연한만남, #까칠남, #짝사랑남, #선배, #대형견남, #외유내강, #상처녀, #삼각관계, #치유물, #드라마",전체이용가
나의 마지막 공주를 위하여,"송유진,도잉,홍유라",로맨스,116.7만,9.5,전체53,"전체 1,279","입헌군주제 대한민국의 공주지만 동시에 사생아인 이신아.
불륜의 증거라며 주변에서 심심풀이로 떠드는 가십은 여전히 상처일 뿐이다.

그러던 어느 날 신아는 같은 학교 학생의 자살을 유도했다는 누명을 쓰게 되고,
신아의 새로운 호위가 된 한태경과 함께 전말을 파헤쳐 나가는데...

왕실을 위협하는 의문의 적들, 그 긴장감 속에서 신아와 태경의 관계는 점점 가까워진다.","#현대로맨스, #성장물, #다정남, #능력남, #존댓말남, #조신남, #도도녀, #무심녀, #상처녀, #갑을관계, #신분차이, #잔잔물, #드라마",전체이용가
